sgRNA Sequence,Aggregate CFD Score,On-Target Efficacy Score
ATATATACGGTCCTACGTGA,0.0,1.116
GAACAGTGTGTAGATTGACA,0.4,0.9976
ACAGTGACGTTACTCTACGA,0.0,1.275
ACCTGCGAATAGTTATACGT,0.0,1.286
GCTCTCGTCGGCTCCATCCC,0.0,0.5441
TTAGAAGTACCAGTGTACCG,0.4615,0.7943
TAAGCAGGCGTACCTCACGA,0.0,1.034
TAAGCGACTACCTCTAATCT,0.0,0.9647
TTGGGACGACTGTTATACCA,0.0,1.062
AATATATACAGCGTTCGCAC,0.0,1.171
GGTCGAGGTGGATACCACTG,0.0,1.042
GTGTATACGTAGCACAACCC,0.0,1.3
GAGTACAGATCACGTAACCC,0.0,1.165
TGTCGAGGATAGTAGATCGT,0.0,1.14
AAGAATATGAAGGAGGCAGT,1.3487,0.6733
TGGAATCCGAAGTCACGCTC,0.0,1.082
GCACTGGAATCGCTAAACAT,0.0,1.1
ATTATGCAGCCCGATTACCT,0.6818,0.9865
TGGTCTGGGGTACTACATAC,0.0,0.9222
TGTAGGGTGACCAACTAATC,2.2115,0.8031
GAGGAGCGAAACGTCCCCTA,0.0,1.172
GTGATCGATGGGCCTAATAT,0.0,1.135
AGTTACTACTCGATACACTA,0.0694,1.176
ACAGTCCGCCCGAAACACCA,0.0,1.205
AAGGAGCGTTCACCATCGGT,0.0,1.029
ACACTCCCACACGTAGGCAT,0.5139,0.5847
AAGATGACACTAGTATCGTA,0.0,1.254
AGAGAAAGAAAGCACAAGTA,1.4468,0.4404
AGACTTACGGAGCTACATCT,0.0,1.229
CAGCGGTTAAGACTATGCTC,0.0,1.062
ATAGGTATCAGACTAACGAT,0.0,1.255
ACATCTTAGATCGATACCTC,0.0,1.076
ATTACCTGGACGTAGCAATA,0.0,1.491
GCTCGATAGCAATACTACGT,0.0,1.051
GTTTACCGTGCATGAATACC,0.0,0.8917
GCAGTCAGGAGGGATAGCTA,0.7647,1.291
AATATCTCGATGCCTTCAAG,0.0,0.8561
TATAGGACAATATTACAGCG,0.5714,1.156
TATATGTAGACGCACTAGCA,0.0,1.107
TGGGGGAGGTGGCTGTGATA,2.1886,0.2626
ACAGATACAAAGCGCTACCC,0.0,1.013
TAATGATACTAATACCCCGT,0.0,1.046
TATCGGAGTAGCAATCATAC,0.0,1.258
AGAACTAGTACCACGTGTAC,0.0,1.022
AAAGTCCCAAAGTAGTCGAT,0.0,1.072
TGATTCAGCACCATCACGAT,1.2381,0.6623
ATATACAAACACTAACCCGT,0.0,1.015
TCTGCTGAGAAACTACGCTA,0.0,1.049
AAGTAGAACTCGCTAAACTT,0.0,1.147
AAAAGGCAGACGCTATTGAT,0.0,1.075
GGAGTGGTGCGGTTAGATAT,0.0,1.065
ATAATGCTCATACTATTCGG,0.0,1.057
AATGTGTAGTACCTCCCCAC,0.5495,1.3
AAAGCTATGTCATAAACCGC,0.0,1.133
GTGGCTATCAGGCTCTATAT,0.0,1.271
AGGCGCATACTCCTAAACTA,0.0,1.149
GCTGCACGAATCTACCACAC,1.1895,1.266
GTGGGCTAACACCATAATAC,0.0,1.093
AGGGAGTACAGCCTTCGATA,0.0,1.179
AGCAGACTAATACACCGCCC,0.0,1.169
GTATTGACTCATATGATCAT,2.4617,0.6373
GGGATCCAGCAAGACCGCTC,0.3077,1.195
TCATCTATCTCCCACGATCT,0.0,0.717
GCACACACGATATTAGACCC,0.0,1.192
AGTTTGATAAGACACTACGT,0.0,1.146
ACAGACGGTAATCTAGTCAG,0.0,1.004
AGCAGACGAGGACTACTCAT,0.0,1.069
ATAGTGTAATACTACGTGAG,0.0,1.1
TTAGTTCCAGAGTACCATAT,0.0,0.9828
GAGAGAAATAAGTTACACGA,0.0,0.8359
TGTTAGGGTGGGTATACATC,0.625,0.8901
ACTGAATGGCCCGTAATCAC,0.0,1.187
GTAGGACTAGACCCTTACCG,0.0,0.8131
TGTATCGGGCTGTTATAACC,0.0,1.037
TGCACCGTGAACGTGTACCA,0.0,1.176
GATCATGAGATACTAGCGGA,0.0,1.148
TGATAATCAAGGGACTACCC,0.9333,1.173
GTAGTCGGTAGTATGCCTTC,0.0,1.163
AGGTACACAGACCAACGTGC,0.5385,0.8218
TGGGATAGAGTAGAACAACT,0.0,0.8881
AGAGTGACTGTGCCATGTGT,0.8193,1.51
AGTGTGATACAACCTAACCT,0.0,1.036
GCTAGTGATACCAAGATGAT,1.5,0.7653
GAGGAACCTGAGTGTTATCA,0.0,0.8984
GGAGACACAGGACTGAATCG,1.1615,0.6022
ATAGGCACTTACATAGATCC,0.0,1.023
GATAATCGTACCTAGAGTAT,0.0,1.018
ACCCAGCCAGCTGGCAGCAC,2.1442,0.315
AGAGAGATGACGACTAGAGC,0.0,1.061
AGATTGGCTAGCTCTCGTGA,0.0,1.32
ACTCCCTCTATACCAAGGAA,0.6429,1.014
GGATCTGTATAGTTACAGTG,0.6,0.9126
ACTGCAGGGTAGCTCCCATT,0.0,1.03
GCATTCCTGGGTATAACCAC,0.0588,1.07
TGTGGGTCTAGCTTAATCAC,0.0,1.21
ACATTGTAGACGCTCCCCAT,0.0,1.166
GTCCTGTGGTAAAGGAACAA,2.0147,0.8208
AATGCGGACTAATCATACAG,0.0,1.078
TGATGCACTAGTTACAACCC,0.0,1.283
ACTCCCTGTACAATATGGTT,0.0,1.113
ACACCATATGGGTACACCCT,1.1179,0.5825
AAAGTGTGTATGGCTAGATC,0.3,1.193
TGTGGGCAAACTTCCCTAGT,0.0,0.843
AGCAGGCACATCCTCCCAGC,2.974,0.7983
TAGGCATGATAGTACCAACT,0.0,1.129
GAAAGGCTCGGGCTATAACA,0.2593,1.167
AACGCTGCAGAACCATACAT,0.0,1.112
TCAGGGTAGCGAGAGCTATC,0.0,1.073
TATACAGATGGGTCCAACCA,2.017,1.045
GACCCACGTGGAGCCTCGGT,0.0,1.011
AGTCGATATAGTGTCAACCA,0.0,1.196
ACGTAAGGTTAATACAACGA,0.0,1.117
ATACGTGGGAATGTCCTATT,0.0,1.204
AAAGTAAGTTAGCTAACATC,0.0,1.129
ACGTGGTCACACCTAACGCA,0.4667,1.247
GCTACTATATAGAACCACTC,0.0,1.201
TTACTGTCTAGGGACTACAT,0.0,1.199
TCTATGAAATATAAAAGCAC,2.1694,0.3512
ACTGTTATAAAAGAATGTGA,2.8167,0.8104
TATACTTAAGGCACTCTACT,0.8268,0.4602
AGGATATACGCATTAAACTA,0.0,1.089
ACAGAGGCTTGATGCAACAT,0.0,0.9759
AATAACGCAGCAGTCCTATA,0.0,1.327
AAGTAAAGCCCGCTAAACAA,0.0,1.13
ACAGAGATGATTAAATGACT,2.1068,0.8395
ATACAGGCTTCCGTGACCTC,0.2759,0.8346
AATTCCAGGAAGTAGTGTTA,0.0,1.192
ATACTCAAACCTGTACTGTA,0.0,1.001
AATTTGCATTAGCTAAGCGA,0.0,0.9158
AGAGCCTAAACAGTGCATAT,0.0,1.202
AGGACGTCCTGACTTACATA,0.0,1.125
TAAGTCTAAATCGAACACAT,0.0,1.007
CATGCGTCCAGGTCTAGATC,0.0,0.764
TTCTGCTACTTACTATACCC,0.2593,0.9062
AAGTTGACTAAGATTCTGTG,2.6333,0.6617
GAGTAAAGTCAGATCACCGT,0.0,1.083
GCTATCTTCACGCACATATC,1.0846,0.8249
AGTAAGGTAACGCTTATTGT,0.75,1.012
CAGCAGCGATACCAGATAGT,0.0,1.048
TAACGATAGCAGCTAATACA,0.0,1.245
GTAGAATAGACCTTATACTC,0.0,1.368
AAGTAGGGAACGTAGAACCC,0.0,1.364
ATAGTAGGTAATCAATACGC,0.0,1.123
TAGAGGTGGAGCCTAATACA,1.4453,1.592
TCACCATGACCCCCTATGGG,0.0,0.7238
ATATGACTCTACGTAGATAC,0.0,1.093
ATGTCTGTAACGATCTGTGT,0.0,1.306
CAGAAACTGCATGTATAAGG,0.0,0.7735
TAACAGACAAGCAGGCAGTA,3.4586,1.092
AAAGTATGACAGTAGTTGTT,0.9412,0.8692
TGTGTCGCGAGGGAAGGTAT,0.0,1.04
ATATAAGAGTACCCCACATA,0.0,1.25
ATACAGGCAGTTCCCTACGT,0.0,1.224
GATGCTACATATGATAGTAC,0.0,1.316
TAAGCTACTGAATATCGAGG,0.0,1.002
AGTTACCTAGATGAGAATAG,0.0,1.337
ACAGCCCATAAACCTCACTA,0.0,1.26
TATGTCATGGGACTACTTAC,0.0,1.064
TAGATTAAGACTGAATACGC,0.0,1.412
ATTGTCCTAACCCTAAGGAT,0.0,1.194
TCAGTGGATATAGATTAGCG,0.75,1.045
ACTGCTGAGCGCCTAAATAT,0.2069,1.227
AATAAGAACAAAATGTCCAC,1.3632,0.5376
ATTGTTATAGAACATCACCG,0.0,1.158
AATGATAGGTAAGGTAACGT,0.0694,1.13
AGGCTTTCCCAGAGAAACCA,1.4135,0.5983
CAGACACGAGGCCTATTGTA,0.0,1.234
AAAGAATGAAAGAGGCCTAT,1.6833,0.6748
GATATGGTGTTCATAGATAC,1.2857,0.9107
GGTTGGAATAGTAGCCATAT,0.9474,0.7171
ATAACTGTAATATCCTGATC,0.25,1.062
TAACTTGTGGGCCTTATAGT,0.5714,0.9348
GATTCCTTATGTTAGCCCCA,2.8571,0.8993
AAGTTCCAGGAACCACGCTC,0.0,1.147
GAAATGATCAGAGTACCATA,0.6,0.8462
TAAGTACAACTAGACGCATT,0.0,1.08
TCAACTCAAAGACTAACAGC,1.3364,0.8981
ACATGGTGTGCACTCAATAC,0.0,1.056
CTAAGGTGTAGTATACCCAT,0.0,0.9135
GGACTCGTGGTTGCATATAC,0.0,1.03
ATAATTGGAACCTTACCACC,1.4,1.03
AGAGTAATGACCAATAATGC,0.05,1.014
AGGCTGATAATTACCTATCC,0.0,1.099
TTAATCATAACAGTCTACCC,0.0,1.237
ATGGTCTATTATGCCTACTC,0.7333,1.189
GTTAGCGGCTCTGCTCATGT,0.0,1.006
AAGGTACTGCAGTTCTACGA,0.0,1.246
AGAGCTGTGATAGCTATACT,0.0,1.268
AAACCATAGAGATTAAGCTT,0.6875,1.014
GCATAGGTGTGTGTAACTAT,0.0,1.247
GTTGTAACAGATGTACTATC,0.9333,1.138
AGTTATAGGCTCTAGATCAA,0.5714,0.9912
AGTTCTTAGGTGCATTACCT,0.7,0.2708
AAAGCTGCACACCTACATAT,0.0,1.026
GTCCTCTGTTCTAGAAGGGT,0.4483,0.6253
TAGGTATGCGTCTTACCACC,0.0,1.104
GATAAGAGTACGTACTACTT,0.4667,1.094
GGTGCAGTCTTACTACACTC,0.0,1.032
GAGACTCAACTAGACACATC,0.0,1.125
TGTTACTGAGAGTGCCTATA,0.7521,0.4249
AATTCCCTGACATTGTATAT,0.0,0.8983
AGCGTAGAGCCTGTGGACCA,0.7143,0.7877
TGTGTTGTATGATAACACGT,0.0,1.142
TTACATGGGCCTTATCACGG,0.0,0.7184
TTACTACATGCTGTCAGCCC,0.6333,0.6392
GTACCCAAGGATGGCTATGT,1.125,1.029
GGTGACTTGAGCCATCAACC,0.9,1.131
TGATATGCGTTCTAGAGAGT,0.0,0.8744
TATCTGTGTAGCATAAGATC,0.7857,1.201
GCTCGTGGCTCTATAGTCAA,0.8018,0.3574
TGAGCAGGAAGGTACCCCAT,0.0161,1.058
TAAATGCTATAACTCTACCC,0.0,1.246
TAATGAGTAATAGACCGTGA,0.0,1.381
TAAGTTAGGATATTAGGATC,0.3333,1.014
GAAGTCTCAAGGGTACACTC,0.0,1.257
AATGGCTAATGACTGCACGT,0.0,1.132
GAAGCTGAGCCAGATTGAAG,1.4333,0.6548
AAGAGAGGCCCAGAATATAA,1.6147,0.8869
ATAGCTAGTATAGCTAGTAT,0.4211,1.257
TGAGAAAGATAGATGGAGAT,4.0478,0.3318
CTGCCTCTGCAAGTATGGAT,0.962,0.6629
ACTGACCCTGGGTTAATTGA,0.5294,0.7757
AAATGGTATAACTTATACTC,0.0161,1.284
AGAGATCTAACAGTGTACTC,0.0,1.396
ACATACTAGAGGTTTAGCTA,1.1996,1.079
AGAGGTTAGATTCCTGTCAG,1.3214,0.2742
TGTGTGCAGGACATAACCAC,0.0,1.081
AAATAGAAGATTGTACCATC,1.7333,1.204
ATAGTTAGATGCTTATATCC,0.0,1.198
AGTGAATGACAGGTCTAATG,0.9591,1.103
GCAAAGAGCTCGCTATGACC,0.3846,1.089
AATGAGCAGTCCTATCACTC,0.0,1.025
GGTTACACTATAGACCCTAT,0.0,1.245
GTTAGCTCCTCTCCTCACAA,1.5332,0.569
AGGAGAGAAAGTCAATAGAG,2.8899,0.8786
GTTGTCTATCATATATACCC,0.0,1.002
AAAGCTACAAGTCAATAGTA,0.0,1.168
TGTGTGGTGTACGATGTATG,0.0,0.8291
GATACCCTGTACTACATCGA,0.0,1.077
CTGGATGCTGGAGACTAAGA,2.8947,0.7202
ATAGGCTACAGATCACTCTA,1.8571,1.075
GAAGGAACCAAGTTAAATCC,0.0,1.026
AATGCTGATACATATAGCTC,0.5385,1.313
AGTATCATACACGCTCCCCA,0.0694,1.584
TAAAGGGTAAGTATAACACC,0.0,1.384
GGGTAGGACTTACACATCAG,0.0,0.7419
GTGGTAGCATGAGCCTGTAT,0.5,1.154
ACAGTATTAGGGTAGATTAC,0.0,1.229
TCAGCTACTGCGCTATAATA,0.0,0.8123
ATTGTAAGCACGGTTCCACC,3.0,0.7259
CCAGGGGAAGAAGTGAGTGG,3.3687,0.8652
TGAGGGGTGAACATAGAACC,0.0,1.177
GCTACTTTAGAGCACTACTA,0.1333,1.047
TCAGTGGGGAATATACGAGT,0.0,1.413
AGAGGTTTGGAGCTCATATA,0.0,1.091
AGATCCATGAACCATCTATA,0.0,1.203
GTTGAGCCCTAGCTTAGCAT,0.0,0.9073
TCGGACAGTGCTATTCAATA,1.0619,0.4912
CAAACCTGAGTATATCACAG,0.9286,0.972
TGACAGCACTAATCCATATA,0.0,1.08
GTTCCCACCAGTGTTATGTT,1.1286,0.6615
GAAAGTGGTGAGATCAATAC,1.3043,0.4048
AATGTTACGTTAGATTATGG,0.0,1.132
AGAGACATGGTATATCCAGT,0.0,1.356
ATACACTTGCATCCAAACAC,0.9412,0.9685
AGGTTACTAGGCAGGTTATA,0.0,0.913
AGAACTGAATATCTTAGCCC,0.2727,1.197
GTTCCTGAGAGGCTTAATAT,0.9324,1.348
GCGTTCTGCCACTTGAATCT,2.2912,0.6824
TAGGACTATATGAGTTAATA,1.7094,0.6592
AAATAGCACATACTAAGCTA,0.0,1.355
AGTGTGTTAGTAACTAGGTT,0.75,0.7457
TATTGGACAGCATTGTACTA,0.0,1.225
AGCTGTTAGCAGGCACCAGT,0.0,0.3681
AGTGAGTCAGTAGTAACCCC,0.0588,1.241
AGTCAATCGTACCCTATTAC,0.0,0.7518
GTGAAGGTGGACGAGTTGCA,0.0,0.7527
ACATAGAGCTGTTACACCTA,0.0,1.042
CCAGAGACAATAAGCCTCAA,0.0,0.5137
TTAGAGGTGTAAGACCATTA,0.2759,1.097
GAATTATGTGCCAGGTGATA,2.0582,0.6489
AAATGGATTAAGCTTCACCC,0.0,1.456
TATTACTGTTGACTATACCT,0.0,1.248
AAAGCCCACATACTATACAA,1.2607,1.392
TTACCTTATACATTCACCCC,0.4615,1.028
GAATCCCAATGGTAGTTTAT,0.0,0.6889
CAGAGGTACCACTGCAGACT,0.625,0.6706
ACATCTCCTAGATACTTGGT,0.2593,1.33
CTAGTGTTAATGATGTACCC,0.0,1.219
ATGTGATAGCTTATACCCTA,4.3,1.001
ATGGATATGGACTAGACTAT,0.65,1.36
TATGTGACACAGGTCTTAAC,0.6,0.862
TGGATCACCGGGCACACAGT,1.4525,0.7871
AAAGAAAGAACATAGTGGAT,0.9516,0.7275
GTGTACTGCTCATCTATACA,0.0,0.6671
ATGTACTAACCATACCCATA,1.4123,1.268
AAAGATCACAGACTATAACC,0.0,1.233
ACACCTGTCTAATTGAACTA,0.0,1.196
GCATTCAGAACATACCAACA,1.4952,1.26
TGTACTATATTAGCCTAGGT,0.0,0.9831
TCAAGAGCTCCTCAGCATGG,0.5977,0.2446
GAAGCTACTCTACACATAGA,0.0,0.9682
ATTGCTAATGGTATGCACCT,0.4375,0.5753
ATTTGGAGTAATGTCCCCTA,0.0694,1.3
GTAGTATAGGGATCATCCAA,0.0,1.425
ATCTCTATACATGACTCTAT,0.0,0.7228
GGAGGGAGAGAAAGGGCCAC,1.5195,0.5657
CAGTTCAGCTGATCTACCCT,0.5973,0.4387
GCCCACTCTTCCTACTTAGG,1.5952,0.2717
AGAGCTAGTATAATTCCCCT,0.0,0.979
TGTGGCCATGGGTATATAAC,0.0,0.7908
GGAAAATGGGTAGATCCAAG,1.6429,0.8367
TTCAAGCCAGAATCTATGCT,2.7073,0.2977
TAAGGCATGTAACTACATGT,4.1143,1.372
TGGTACATGCACTTATGATC,0.0,1.182
TCTGCAGGTGGTAGGCAGAT,2.4387,0.3337
ATACCAGTATCCCACCAGAC,0.0,0.989
GTACCTAGTCCCTCATGATA,0.0,1.335
ACAGCTATTTACTAGCACCA,0.0,1.249
AGGAGTCTGCCACTAAACCC,0.75,1.152
GAGCCTTATAGGATATTGAC,0.0,1.285
ACAGAGACACAATACCCATG,0.0,1.019
AAGTGACTATAGAACCACTA,0.5333,1.116
AAGACTGTCTAAAAGAAAGA,4.3649,0.78
TAACACTGGATATTTAACGT,0.0,1.12
TGAGTGTTGGTCATATCCTC,0.0,0.7115
TTACCCATATGTAGGGATCT,2.0,0.5235
ATTTATATGCTACAGAACCC,0.0,1.209
ATTCCCTTCAGCAGAGCCGT,1.9286,0.5384
AGAGGAGACACATACTAAGT,0.0,1.264
TGATTACGTCAGGCCCACAC,2.4412,1.248
GCTGTCAGATAACCACACAC,0.0,1.224
GAGCTATGTAACCCCTGTAT,0.0,1.249
TTAGTGAGCAATCTATGTGT,0.9474,1.492
TGAGATACCATACTAATGGA,0.0,1.236
TAGGCAGGGGATCCAAACTA,0.8,1.249
GTATATGAGCGACTTCTCAA,0.0,1.063
ATCTGAAGGGGTAGAGATAT,1.6786,0.3785
TCTGCTCCTGAGTCTAGATA,0.9333,0.8261
AGTGTGTGTAAGTTGTAATC,0.0,1.383
ACATCATGGACAGTATTAAC,0.0,1.227
TAATAAGATAGGCCAAACTC,0.0161,1.371
CAAGTAGCAGTCCACAAGAG,1.14,0.6028
AAGGAATATGTGACACTATA,1.3452,0.5527
GTTGATATTAGTGATTACCC,0.0,1.224
AGGAAAGAGATCCCTAATCC,0.0,1.099
CTAGTAGTGACCATATTGGA,0.2593,1.353
TGTGTCATTAGGTAAACTAC,0.0,1.039
ACACTATATCAGTTTCACTC,0.0,1.081
TACTGGTACTCATAGATCAA,0.0222,1.019
TGGGATTACCTGATCATCTA,1.8,0.2443
AGGCCACAGGTAGGTATACC,0.0,0.5373
GAAGTGCCTATGCTTAGCTT,0.2727,1.023
ACATGGTCAGTGGTATACAC,0.6667,1.521
TATCTAGGTAAGTTGAACAC,0.039,1.719
GAGAGAAATAGAGATGTGAG,3.6805,0.2816
ATAATATCTTGCCAAACTAT,2.5576,0.2331
ACACTAAGTCTACTCCATCC,0.0,1.517
GGGATGGCTCTGAGTAACTA,0.539,0.4894
GATATCAGTCCCTTACTACC,0.0,1.411
GTGATATGTAGGCTAAGCAT,0.0,1.499
GGAGTTAGTGGTGATAGCTA,0.0161,1.374
TGAGTGAGGCAACCAAGATC,0.8667,0.9989
GACTAGTTGTCTAGATACAC,0.0,0.5715
ACATGCCCGGGTATAACTCT,0.0,1.026
GAACAGTATAGCACCATGTA,0.3148,1.322
ACAAGGCTATAACTATAGCA,1.35,0.9885
CACATATGGAGCTTCTATAG,0.7143,0.67
TTACAGAGTATGGTAGTCCA,0.0,1.305
GGTGTCGTAAGCATGAGATT,0.0,1.368
AAGAGTGGATTGATAAGTGC,0.0,0.7349
GAGAACAGAAGCAGCAGATA,2.9926,0.8632
CTTGCAGCTCTGTATCTAGG,0.0,0.2003
ATGTTAGGGTCTATCAGTAG,0.0,0.6055
TCTTAGAGGATATTACCCAC,0.1538,1.172
GCAAGGTATCACTACCTATC,0.25,1.017
GATTACATATTGCTAACCCA,1.37,1.099
TGGATAGGATTCATAGAACC,0.0,0.4902
ACCAGGGTAAAGCAGTTAGT,0.0,0.8487
ACAGATTATGATACATCCAC,0.9333,0.9876
AACTGACGAAACCTAAATAT,0.0,1.177
TAATAATAGCACCCCCAACA,0.0,1.025
AGATGCTAAAGGTTATCTAT,1.3417,1.199
ACTTATCTAGGCTTCCACAG,0.3636,0.8894
AAGCCAGATCATGATAGATC,0.1194,1.05
AGATAGAGGCTGACTTATGT,0.0694,1.061
ACTGAACAGAGCCTATATTA,0.7143,1.214
AATGCTACCAGTAAGCGCAG,0.0,0.6099
TTAAGATATGTCCTAACCCC,4.5269,1.098
GCAGTGCTATATTACATGAG,0.6923,1.05
GGCCGGAAAACAGAGTGACA,2.5421,0.4486
AGAATACCTATCCCACCTCC,1.381,1.073
AAACTCATAGAGCTATAGTC,0.0588,1.301
GGTAATTGGAGTAATTACGT,2.6868,1.086
GGATTAATGAGGAGTAATCC,0.6667,0.9947
ATGGTTAACTTGGTCAGCTA,0.0,0.7778
AGTGCACACTCAGTAATCCA,0.0,1.389
CACACCTACTCTAACTGTCC,0.0,0.4731
GCAGCAGGAAGATCTTTGTT,0.9697,0.7122
TACATCTTATTAGGACACCC,0.0694,0.7942
ACTAAGCTGTACCTAGTGCA,0.0,1.236
ATAATTACCTATGTAATGTT,1.6512,0.4345
GAGGTATCCTCTACATTCAT,0.6636,0.3334
CTTACTGTACCAGTTAGGAT,1.8824,0.3356
AAGCTAGGTAGACAAGACAT,1.2214,1.192
AGTGGGTTAGCTATGAGAGT,2.3385,1.243
AGACAGCTACTAGTAAACAC,0.0,1.642
ACTGTGTAGACATATCTCCC,0.0,1.68
ACTGTGTATAGAGCTCAACA,0.0,1.669
GTCTTCAATGAATCCAGAGC,2.381,0.4138
GGGTAGGGTAGTGTAGCTGT,0.0,1.37
AATATTAAGGAACCACTTAG,0.7,0.9281
GTGTAGTGTAGGAATGTCAG,0.0,0.8925
AAAGTCCCTACTGTAATATC,1.4286,1.272
GAGTGATAGGGTATTAGCTA,0.0,0.9761
GTATGTAGGTAACTACTGAG,0.5714,1.009
AGTATGCAGCCCCTAAGATT,0.8125,1.125
ATTAAGTATGCTCACTATCT,2.3831,0.5718
CCATAGATACCCAATCCCCA,0.2105,1.02
GATGTTGTAAAGTTCCTCCC,1.1008,1.354
ATAGATTCCAGCAGGGAATA,4.0,0.5373
GAGCTACTGAAACACAAGAC,0.0694,0.7616
GTTATAAGACACTACATTTG,4.5949,0.2438
GTGCTGTACAACAGTCCAAT,1.4361,0.3396
GTTATGTGAGGCGGATCTAG,0.0,0.7527
AGACCCTGTACACATATTCA,0.7722,0.877
GCAGTCTTATTGTGAATGCA,0.9286,0.2978
GAAACTCTAAGATGATCTAT,0.5714,0.66
ATATCTTAAAGGCAACCCAT,0.1765,0.9747
ACATGGGTAACAGTTAACAC,0.05,1.262
AAAGTCAATATGAGATACTA,0.1333,1.112
TAAGGGGCTAGGAATGTATA,0.2593,1.061
AAACAAGGTACCATACTCAT,2.7333,1.077
CCAGCAGCTACAAAGTTATA,2.4434,0.2116
GGTGTTGCTAGATCAAACAT,1.8231,1.233
TAGGGGAGTGATTAGACCAT,2.3333,1.092
CTCATGAGCTATGCAATCGT,0.0,0.5912
GTGTTCTGATATAGGTTAAT,0.0,0.6904
ATAACATGTAGCCTAGTGAT,0.0,1.364
GATGACATTCAGGTACACCT,1.5167,1.295
TGATACGAGATTTAATACCC,0.0,1.182
TATAAAACCAGGGTTTACAA,0.5611,0.302
ACTGAGTCAGCCGTAAGCTA,0.4444,1.373
TCAGAGGAGAATATACCTAC,0.0,1.399
GCTGCTGGTAGATTATATGA,0.0,1.215
GAGAAGCATCCCTATCAGAA,2.1429,0.537
AATAGCTCAAGAGTATCACC,0.0,1.436
GGATAGACTAAGTTGTGCTA,0.0,1.395
AAGAGGAGACTGCTAATCCA,0.7194,1.581
AAGGCTCCTGAGGAGCTGGA,3.3937,0.5501
TACATACTGAACCCATGAGT,1.25,1.341
AGGACACATAGGGTGTTATA,0.2857,1.203
AAATAGGTTGAAGAGTATCC,0.0,1.196
ATATACTGTCATATACCCCT,0.4667,1.323
AAACACCTAAGAGATCTATT,0.3077,1.135
TTATAGAGGATTGCTACATG,0.0,0.8605
GGTGAGGGGTAATAGACCAT,0.0,0.7675
GGCTAACAGACCATATGTGT,0.4762,1.25
TCTATACAATACCTGATACA,0.7926,1.013
AAAATACTGTAAGAATACCC,0.0,1.637
AGGGTCTCTCATACCTACCC,0.0,1.033
ACCCCTCAGATAGTCTAGGT,1.5714,1.061
TAGAATCCCCAGAGAAGATA,1.5833,0.7799
GATCCTAGGACTCTATAAGC,3.3189,1.042
TGACTCCTCCAGCCTATAGG,1.1,1.035
GGAGAGCTCCATGGGGTACG,1.4412,0.3073
ATAGTATCCAACCAAAGCTC,0.0,1.342
ATGTACCTATGTACCTATGT,0.0,0.7887
AGAGTATGTCATGCCATGCA,1.5421,1.061
AGGACAGTACACCTATATTA,0.3529,1.25
GGATGTTAGTATCATAATCT,0.0,0.5725
AGCCAGTGTGCCTAGAGTCT,0.875,0.6653
ACTTTATAGAGGCTGCACTA,0.2759,1.029
AGAGAAATAATGTGATGAAG,3.3436,0.3001
AGTGTAGTATAAGATACCAT,0.1923,0.9631
TTACCATAGTAAGAAACCAA,1.5762,0.2932
CCTAGACGAGTATAATTGAG,0.8125,0.4939
AAGAATTCCATAGAGTAGGA,0.0,0.7101
TGGGTAGTATGGCAGATAGT,0.0161,1.094
AGTGCTGTGATGTTAAACTA,0.6429,1.547
TGGGATAGAGATACAAACTT,0.1923,0.9961
AGTACCAATATATGCATAAC,4.7261,0.4017
TAAAGAGCTAAATAGTGATC,0.0,1.27
GAAACCAAGATACTCTATCA,0.0,0.8547
ACCAACCTAACATCTTATTA,1.1107,0.5476
TAAATCTAGGATTACCTAGG,1.8392,1.065
ACTAGCTCTCAGGATACCTC,0.6429,0.9727
TGATATCACTGGGAGGCCCA,0.5714,0.742
GACTAGGTCTACAAGGATAT,0.0,0.9284
GCAGTGACTCTAGCTGTGAA,0.7402,0.895
AATAACTACTAGTGACACAC,0.0,0.8979
ATATCTACTAGAGAGTCAAG,0.6364,1.106
AGTACACCTACCATGTGCTC,1.7305,1.055
ACTTATGAAACAGTGTAGTT,1.6875,0.7343
GTGGAATCTATACTAACTCC,1.2143,1.353
GTAAACACTAGTAGCTACTC,0.9091,0.9891
GATGAGATTACACTATAGGA,0.5556,1.236
ATGCCTAGTTGTAGCCAATT,1.8462,0.5008
TGTCTAGCAAAGCCTAGAGT,1.2667,0.9723
AGAGAACTCTGTTAACTACA,0.8846,0.6348
AAGGTTCCCTCTATAAACCA,0.75,1.033
CACCTGATGAGAATACCCAC,1.0222,0.929
ATTATGTGCCAGGTTATTCT,0.5625,0.8699
CAGATGTCAGGATAACCAGT,0.6667,1.093
ACCAAGTGGCAATACAGACT,1.6821,0.7684
CAGTGACTCCTGCAGATAAC,3.1851,0.4661
GGGTACTCCACTTACTACCA,0.125,0.9201
ATAATGTGTTAGTTCTCCAG,1.3247,1.056
AATTCACTCAAGTGGTAACA,0.9091,0.7261
AGTAGGAGGTATTCAATGAT,0.6818,0.6621
ACAGCTAGTAGATATTATAG,0.0,1.438
GTATATACAGTGCTGTATGC,1.2527,1.242
GAGATATCTACTAGACACCA,1.275,1.349
TACACATACAGATACCTCTT,0.5882,1.026
AAGGAAGGGGAAGAGATAGT,2.6267,1.306
AGGATGCCTGAAGAAACTAG,0.9647,0.5776
GAGCATTACTGCAGGGTAGA,0.651,0.3299
TGGCAGGTTAGATCACACCC,0.6875,1.436
TATACCTTGTACTAGACACC,1.2363,0.4536
TGTACCCTATCGGTGAAGTA,0.0,0.876
AGTGGTCCCTATATACACAA,1.625,1.12
GCTGCTCTGACCGTCCGAGT,2.6471,1.002
AATCTACTACAAGAGTTCAC,2.9286,1.387
AGCAAGAGGATGTGACACAA,1.4328,0.9995
CTAGGTTGTTAGCTCCACAA,3.0905,1.129
TGGGTATACCTATCATACGT,0.9785,1.072
GGGATACTCTTGGTACTAGT,0.2857,0.7569
TAAGCTACAGGACTCTACGT,0.0,1.347
GATCAGGTGACCTTACGGTA,0.5714,1.126
AGCTCCTAACATAACCTGAT,0.7363,0.6058
ATACATCAACCCACTAGACA,0.9714,0.6292
GAATATTACGAACTACACAC,0.5,1.403
TTGGCTCACAGAAACAAGCA,2.8768,0.6934
AAGTAGAGATATGCATTAGA,0.4762,0.8756
TGTACACCCACCGTTACATT,1.6654,0.646
CAATTGAACCAAGTAACCCC,0.0,0.9681
AGTGACAGGGTGGAGCGTAG,1.3122,0.6922
AAGAAGCCTATGTCCTGCTA,0.2353,0.8476
CATCTGGCAAGAGCTAAGTA,0.2084,0.9077
GACAGGCGCAGAGCTCTCTA,0.6154,0.595
ATGTACATGATACTAATCCA,0.7059,1.28
GTCACCTGTTGAGTACACAT,0.0909,0.8793
GTGATGTAGTGTAAGGATGA,2.0703,0.8218
AGCACTGGCATTGAGTACGT,0.6429,1.0
AAGTAGATAGGGCTTATCTA,0.0,1.483
GTGGTGTGTAGACCTGACCC,1.2222,1.014
TGAGCTGTAAGCTTGATGCA,0.9091,1.352
CCTGACTGATACGTAGAGCA,0.4211,0.5933
AAGACTACAGGGTAACTTCA,1.25,0.439
GATGTTAGAGACCCACACCT,0.2727,1.296
ACAAGAAGGTCACAGTGAAT,2.5158,0.3472
GTAGAGTTCTGAGGCATGAA,0.7222,1.223
TAGGTCTCTAGACACACCTT,3.5543,1.023
ACATTAGTCCCCTTGCCCTA,0.0,0.6539
TTCCGAGGAGAGAGACAGGT,1.9379,0.418
TCACACAGCAAGTTAAGTAC,0.625,1.109
AAGGGACTGAAGTTACTCTA,1.4076,0.456
ACTCCTGATCTAGACTACAA,1.5952,1.0
TAACAGTATCTACCACACTA,0.0,1.353
TATATGGGTACAGTATAAGA,1.3542,1.238
AAACCCACTACCCCATGTGT,0.5556,1.149
ATAGGCTTTGTCAATAGCAC,0.0,0.5099
ACTTCTCATCTCCTTAATCA,1.6438,0.3246
AATGTACGAAACATAAACAC,0.0,1.264
TCAGCCTTAGACTAGCTGTA,0.0,0.7293
TGGAGAGGTTAGCAGTGACA,0.0,0.8178
AGTGAATTCCATCATATGTA,0.3287,0.306
GGAGCACAGAACAGTCGATC,0.5294,0.4272
GGTGCCAGTACTAGCTTGTC,0.0,0.7916
AGGGCCTTGTGAAACTGCAC,2.7859,0.7986
GGTATACAGACGTCCTCAGG,0.0,0.8527
ACAAAGCCACCTGCAATGCG,0.0,0.5718
ACCATTATAGGGTGCACTCC,0.0,0.4881
AGCACCTGATTATGGTCACC,0.4973,0.328
ATCTAGGGCGACCTACAGCA,0.0,1.214
TAGCTTTCTCAGTCCTGATA,3.2549,0.5354
GTAGGTCATGAGTCTCCACA,0.0,0.9758
TGGTAGTCGTATTATCTACC,0.6429,1.184
ATAGGGAGTGACCGATTAAT,2.758,0.5067
AAGGCGGTACTGAATTACTA,1.3059,1.225
TACAGCAGCACCGTACTACC,0.4211,1.024
AAATGGAGTCCTACACTGTA,1.1389,0.7502
TGGCGGAGAGGCGTATGCAA,0.0,1.376
GAATATAGTGCATATAGTGT,0.4483,0.8857
AGTTCAGTAACCCAGGCAAG,2.9958,0.575
ATTGGGGAGTTGCTCTCAGT,0.0,0.7867
ACCTGCCTACGATCACACTA,0.0,0.8563
GCATACTCCGGAGATACTGT,1.2386,1.043
GGGGCCAACAGGAAAGGCTT,1.2325,0.4219
AAGAGTCAAGCCCTTTAATA,0.2857,0.6272
AATGTAGTTAGGCAATACTA,0.0,1.641
TCACTATGACAAGTAGACCC,0.3889,1.071
TGGGGTTTCCAAGGATAACA,1.3117,0.6496
GCGGCAAGAGCTCTGCAGGT,0.0909,0.6849
ACAACCCTGCCTGGAAGTAC,1.375,0.8462
AGAGTGGCCTGGCTAAGTAC,0.0,1.578
TATGGAAAATCAAAATAAGA,3.1171,-0.3944
GGTCAGACGCAGCTACATCA,0.5385,1.294
AATACTGGAATACTTCAATC,0.0,1.372
GATGACCTTACATAATCTGT,0.9231,0.7655
CAATGCCTGTGGTTGTACTA,0.5,0.397
GAGTACCTGTCACCCTGCCA,1.22,0.6682
GAGGAGCAGGCCTAGAATAG,1.8095,0.9489
ATGTAACCTGGATGATAGTA,0.0,0.4642
AATATCCAGGGAGTATATAG,0.0,1.375
TGTAATAAGCCCCATAGCTA,0.0,0.6702
TGTCCATAGCAGTTGATCCC,0.8077,1.053
ATAGTTAGCTTGTAGTGACC,0.9,1.017
AGGCTAGGAGAGCTGAGACC,1.4922,0.9767
TGCAATAGGACCTTAACTCT,0.0,0.7931
ATTGTTATATCCCTTAACCA,0.9091,1.17
TAGGTGTAATCCATTAGGTG,1.1176,0.2356
AGGTAGCTGGCCGTGAACAA,0.0,0.9621
AAATGTTTCAGGTGATGAGT,2.2824,0.613
AGAGATAGGATATACTTCGA,0.0,1.244
TAAACTGACCAGGTATTAGC,0.5,0.8674
GCTGAGATGAGAAGATGCGG,1.5519,0.5413
GTAGCTAGACGGGCATAAGC,0.0,0.9739
ATACCATAGTGTATGCTAAC,0.0,0.7197
ACTGAGGGTCATCCAGTATA,0.2273,1.096
AAAGTTATATAGCTCCCATC,0.0,1.469
AAATACCCAGCGCAAGACAT,0.0,0.5626
AATGCATACAACCATCCCTC,0.0,0.9901
GGTCCCCTAGGTCTATACAC,0.0,1.516
GGAAGTGTGATAAGCCTACC,0.2593,0.2796
TCCATCCTCCCAGCAAGGAG,1.1984,0.6478
TAACTTCGTAGCACCTACAA,0.0,0.4095
AGACTAGATATGGACTATGC,0.781,1.453
GGATAGAGCAAGTTACACCC,0.0,1.709
AGCACGGCTGCCTGACTCTG,0.75,0.2745
GGGAAGAATCAGGACAGAAG,1.7389,0.4064
AATGACCATCAACAATAGAG,1.8026,0.6032
AGTAGTGCCCAACTTATGTG,0.4762,0.6947
GGGTATATCACTAATCCTCT,0.4375,0.5389
GTAGTCAAGTGAAAATAAGC,3.2846,0.5404
AAGCACATGGAAGTACAAGA,1.6892,1.358
TGTGTGTTGGTCGGGCATAG,1.4429,0.2348
TGTTCTTGGTATAGTGACTC,1.2971,0.1108
AGGAGCTGCCAATGTAGTGT,0.619,0.8728
TTATAACATGCAGCACACCC,1.3393,1.162
TATACATATCTAGACCAGTA,0.7647,1.141
AGTGGAGACTACTAAGCTAT,0.0,0.853
GGCTTAGTGGGACAAATAGG,0.8761,0.481
GTATCCAGTAGGATTCAATG,1.0565,0.7868
ATCAAATAGGATAACATTAG,1.489,0.3573
GGAAGAGAAGATATTGGGAT,1.0952,0.2116
GGAGATACAAGGCCAATATC,0.35,1.118
TATTTCCCAGCCCTACTGAT,1.8414,1.095
AAGCCAGGGTAGAGGTTCTA,0.0,0.4283
TGAGCTCTAACCTACATGCA,0.5714,1.291
GAACTCTTGAACGTCTTACA,0.7143,1.013
CATTACTCGCAGTCCCAGTC,0.0,0.5936
ATAGTGAGCACGGTAGTCAT,0.2353,1.011
AGTGTAATAGTATACAAGTA,0.5098,0.6395
ATGATGGCAGGGAAAAGAAT,2.6152,0.2663
GAATGATAGACACCAGTGTC,1.1477,0.4332
GGTTTGCTTAACCACCTCCC,1.5926,0.4282
GAGCATGGCCTCAGACCCGA,1.0303,0.8681
AGAAGTGTACACAAATACAA,2.6161,0.2734
AGGTACTAGCACTCCAACTT,0.5333,1.203
ACAGTGGTGACACTAATATA,0.0,1.51
GTATTTGTGAGTGTGTTGAT,3.3334,0.4983
ACTTACACAAGCGTAAACAC,0.65,1.275
GATAAGGGAGGATCTAACTA,0.8062,1.25
TCTGTGAGCACTGTATATCA,3.0588,1.265
GGATACTACACTTCTTACCT,2.2765,0.8592
TAAAGACGTAAAGTATTCCC,0.0,1.483
AGCCACACTGAACACTGTAA,0.7647,0.7066
ATCCTATGATACGTACTCCA,0.0,1.326
GTAGCAGCATGGCCTCTTAA,0.6,0.6655
GGGTTGTGTTGCAAGTATAA,1.1961,0.6453
CAACCTATAGGATCTCTCAT,0.3333,0.5684
ATAGAGACCACCCCTTACAA,0.3077,1.259
AATGTCACTACACTACAATA,0.2273,1.108
ATCCAGTGGTGTAGTACAGT,0.0909,0.3946
ATTAAGGGTGATCTATCTGC,0.3077,1.183
AACCCTAAAAGAACTTGAAG,2.2364,0.1809
ATAGACTTTAGGTACAACAT,0.1071,1.216
TTGGCTACTTCGTCCATACC,0.9231,0.843
TATGTAAGAGGACCTAGTAA,0.9333,1.131
GTGACTGCACTGCTCCATGG,3.1961,0.9951
TCCATGGTCAACTAGCTATA,0.0,0.825
AGTTTCTCCCACCAGAGAGC,2.0548,0.7972
AAGGAATGCAGAGTCTATAC,0.1765,1.168
ATATTAATTAGGTCACACAG,0.039,0.9268
AAGGTAGGTATATCCACTAT,0.0,0.9352
ATATATGGAGGGATTTGTAC,0.6154,1.13
CATAGGGTTATGAGATAATG,0.75,0.3719
GGTGACAGCATATATAACTC,0.5294,1.2
GCTGGCTGTAGACCACAACT,1.2,1.192
AACCTGCCCTAGTGTATCCA,0.8061,1.043
GTTGAGTCTCCAGTACAATA,0.3333,1.015
ATATAGTGACTGTCCCTCTA,0.0,0.6288
GGAGGACCTACAAAGAACTA,2.4286,1.063
AGAATGGCTAGTGTCAGAGC,0.0588,0.4914
TATATGCATGACCATAGCTA,0.8125,1.283
TATGTCGGGAGGGTCCTGGT,0.5,0.8288
AGGTCTTACATTATAGGCAC,0.375,0.85
TGAGATAGGATCCATCCTGA,0.0,0.921
GGGTTGACGTGGCAGCTCAT,0.0,0.8782
AAATGTATTCCACTGTTACA,0.4176,0.5747
CCTAAGGTTAGGTTAGGAGG,0.9809,0.3331
AGGGAGAGGATCCATTGTAT,0.0,0.9659
ATGCAGATGACAGTATACTC,0.619,1.343
GTTGTACCCATGCTTACCTG,1.9397,0.6156
GCTTTCTGGCCCATGCTATG,0.0,0.6242
TTAGGAATACTATCCCAGAG,3.3333,0.7696
GAGATTCAGACCATACACCC,1.2857,1.107
ATATCACTGCCCATGCTCCA,1.5527,0.9702
AAGAGGAGAAGGAGGTAATA,0.8898,0.9228
TATTCTGAGAAGGAGTCTAT,4.0844,1.156
TAGTCAGCTAATAACCATAG,0.339,1.058
CTGGGGTGATGGAAGAGAGT,3.7166,0.7332
AGAGCACGTAATCAGATGCA,0.0,1.27
GCAACGTGCTACCTCTTGAG,0.5385,1.003
TGTGGCCTTGGTACATGGAT,1.1,0.6553
TGAACTATAATCCACACTCC,0.0694,0.9894
GTGCTTACATGGAACCCAGA,1.2773,0.7583
ATAGCCTAGATTAGATGCAA,0.0,0.7513
ATGGGCAGGATACTATGCTC,1.3651,1.321
AGCTGGGCTTGAGAGATGGT,0.2593,0.7083
GTATCTGTGAAGTCCCTAAC,0.3077,1.142
GATATGGGAACAACAACATT,0.89,0.4663
GATCCCTATGGTTAGTTAAG,0.0222,0.7231
TATGACTGCGTGTACACACA,0.5294,0.8604
GATGACTAGAGTCTAAACTA,0.9,1.54
AGCAAACTAATACATTAGGA,1.0995,0.512
ATTGCTGTCTAATATCACTA,0.8571,1.407
GTACCACATCTCACTCAGCA,1.5421,0.339
GGAGGCCTCAGTTCCTTGCA,1.7949,0.2794
CTGTACAGGAGGCATCTCAG,0.8824,0.65
ATACCCAGATATGCATACCC,1.6154,1.238
ACAGATGCCGGGGAGTGGGT,3.0133,0.7182
TATATCTAATAGTAACGTAC,1.6,1.214
GGCACCTGCTATCTCCTCTG,1.6679,0.3138
TTCCACTGTTAGTAATTCCA,0.7437,0.249
AATGCCAGTACATAGAATAA,0.2593,1.22
TTTAATAGGAATCTACAAGA,4.2727,0.718
GAGGGTACCAGTGTGTGACC,3.7684,0.8009
GTGTAGGTTAATAGTAGTTA,0.9074,0.2854
GAAGCAGTTAAAGTCTACAT,0.1333,1.045
TATGTGGGTCATCTATGAGT,0.5714,1.449
AGCTAGGTAGCAGTTATAGC,0.9548,0.4181
ATTAATGTAACAGGATCCGT,0.6,0.8936
TGGTGGCCTCTACTGAGATG,1.7222,0.5387
TGAAACACACTGTATACTCA,0.7593,0.2729
TATCTGTGTAGACAATACTC,0.0,1.435
GTGACCCCTGTGTATACATA,0.0,0.9851
ACAGAGCATACAATATGTCC,0.9286,1.386
AGGGAAATAAGGAATATGAT,2.0815,0.6044
GCTACCATACAGCTCATGTC,4.1128,1.024
GGTGGGTCGAGGCACTCTGT,1.3247,1.19
AGATAGAGATTCCTAATTGC,1.1667,1.115
GCATCTAGAAGGCCATGTGC,1.5158,1.003
GGAGAGTGGGAATTGTACTA,0.6723,1.321
GTGGGTAGTTAGCACAATGT,0.0,1.367
ACTATTACCCACCAGTAATG,1.525,0.8859
CAGGAGGCAGCACCACTTAA,1.2846,0.3229
GTCTAGATACATCAAATGGT,0.0,0.7241
AGAAAGTGTAGCCAGTACAC,0.6154,1.465
ACAGTTAATAGGTAGAGTCC,0.4286,1.465
GCTATACCTTCCATAAACAC,0.75,0.9196
CTGAGTGGAAGATTACAGAT,1.5333,0.6502
TTGGCTGGACAGCTATCTTT,1.35,0.2184
CTGTGAAGGAAGTGGTAACA,1.9926,0.5494
CTACTCTAGGTACCTGTAAA,0.0,-0.04028
TGATTGTAGACAGTACTTAC,0.625,1.174
AATATCCAGACCTAGTGATA,0.2593,1.167
TGCTAGAGTGCACATTCTGA,1.4792,0.7084
GTGTGACAAGAGGTCTACAC,0.0,0.8647
GATACTCAGCTGTTACATAC,0.1538,1.126
TCCCCTTCCCCAGAGTCACT,3.1369,0.4401
AGCTAGGTGGGTATATAGGT,3.1471,0.9421
AAGGCATTGGAAGTATCCTT,0.3333,1.065
AAAACTATGATATATCCTCC,0.75,1.05
TTACTCCCAACATAGCACAT,0.5714,1.111
GTAGATATGTGACCTAGTTC,1.1227,1.007
GCGCAGTAATATTACCCAGT,0.5333,1.036
TGAGCTTATTCACTAAGCAC,0.9,1.13
TATACTAGTCCCAGTAGTAC,0.0,0.964
TGGGAGACTATGGATCACTA,0.1538,1.151
AAAGCAATTAAGGATTACAC,0.5789,1.247
ACCACATAGTGGATGTCATA,0.0,0.791
CAGGACATGTGAGTCTCAGT,0.0,0.9559
ATAGCATCTAGCAGAACACT,0.9588,0.9295
TATAGAGGCAGCTAATCAGG,1.4042,0.7663
AAAACTAGATGGCTAACTCT,0.5,1.423
AGAAGGCAACATGTCTATGG,0.9375,1.087
ATAGCTGCTAGCCACATGTT,0.7479,1.343
AATACAGGCTATCTAAGTGA,0.4,1.336
GAGAGTTCTAGGAACCATAT,1.1794,1.107
TAAACATACTATGACTGTGT,1.4762,1.118
AAAGCTGGTAAGATAGTATA,0.6,1.098
GTAGTATCTGAGCCATATTC,0.7143,1.368
TAACACTACCCACACTTATC,0.9286,0.8749
ATGGATACCAGTAGCACACT,0.3636,1.052
AAAAAGAGTGAACACTGAGA,1.244,0.7125
ATAAGCTCAGATAATAGTGC,1.6208,1.064
TAGCCAGAGCTTAGATGTGT,1.5921,0.5361
ACTTGGCCAGTAGCTACCTA,1.1926,0.3473
CCTGGCCGTGCAGATGTGAG,1.2308,0.7918
GAGAGCATCTACCAGAACTA,0.2727,1.121
GAGCAGCATAATTGCCAATA,0.7593,0.9835
AAAGAGGTGTATGTAATGGT,0.0,1.45
GGAGAAGCCAGGGTGGAGTA,1.1606,0.4316
GTCATAAGTAGGCTCAGTGT,1.2815,1.089
ATAGCAAGCCTCATAATCCA,0.0,0.949
ATAGATACTACAGATCCTTG,1.3952,1.067
ATATAGCATACCATGTCCAC,0.75,1.003
CAAGCCAGCCATTGTAGTGG,0.789,0.3606
AATAGGCTACTCCTCGCCTC,0.2759,0.4964
GCCACCTCTACCTAGTTACT,0.5333,0.7282
GATTCCATGGTATATGTACA,0.6429,0.8217
TGGGGAAAAAGTGAATAACC,2.049,0.497
TCATTGTCGGAGCTTAGAGA,1.0983,0.7537
TGTGTTAGGAGTAAGTAATC,0.0,1.572
TATGGGCATACATACAGTCC,1.6667,1.439
TGAAGCCCCAGTATAACTTC,0.0,0.7301
GCCTTACTGTACTAGGATGA,0.64,0.4962
GGAGAGTCACAAGTAAGCAC,2.3333,1.052
GGGTAGGTGTATAGTAGTAT,0.0,0.6049
GCAGGTCAGATTCTAACAGC,1.418,0.5467
GAGGCCGTCAGGTTACAGGT,0.0,1.305
ATATTCACTTAGTATAGTAT,0.4834,0.5776
CAAGTGTTAGAAGTGTCATA,1.1358,1.094
ACCAACATCATCCCTCACCC,1.0114,0.716
GGGCCAATGAAAGATATCTT,2.11,0.5519
TGGACCTTGTATTACTCTTA,1.159,0.3203
ATTGTAGGAAACTTCCTATG,0.7725,1.05
GTAGAGGTAGAGGATATACT,0.0,1.437
TAGTGGGTATGACAGGAACT,0.8218,0.7126
AGGCTGAACTGAAAATATGT,4.717,0.5114
AGTACTAGAATGTACTACCA,0.0,1.6
TGAGTATTCTAGATGGTACA,0.8571,0.8328
AGTGTGAGTAGATAGACCCT,0.7059,1.47
GAGTATAGTGACTTAGAGGA,0.9286,1.071
GATTACTAAGCTGTGCACTC,0.6875,1.099
TAGACTCTTGTCCTATGCTA,0.0,0.9669
TGTTGAGGTTACCTGAACCA,0.7143,1.034
GAACTAACATAGAGAGCTGC,4.2332,0.3376
AATTAGGCAATCCCTTAAGA,0.6471,1.068
AAAAGGTGGATATTATTGAC,0.2,1.154
CAGTGTGCCTGGGTCAGAGT,2.6108,0.6008
GATTAAGATGATGTATGCCC,0.2,1.318
GGATAGTAAGACCTATATGA,1.5341,1.358
ATATGCCTGTGGGTTAGACA,0.8,0.7212
ATGTAGTAAGTGTAGTGCTA,0.2273,1.065
GGATGGTAGACAGATTCACT,0.7333,0.9529
AGAGCAATGACTCCTAACTG,0.4265,0.7632
AGATAGATAGATAGATCTCT,1.395,0.7989
CCAGACAGATTCGTAATCCT,0.0,0.5893
AGGACCATAGTAGAAGCATG,0.4286,0.7921
GCTAATATAAGGTAACACCC,0.1333,1.136
TAAGAGCACAACCTAAGTGA,0.6818,1.402
AGAGTATAGAGCTAGAGAAC,0.3636,1.528
AGATACCTATCTAACCTCCA,0.2593,0.8221
TAAGTTAGTATCCTCTCCCC,0.6543,1.415
GCTGATGAGGGCCTATGCTA,2.1643,1.233
GAGTCTTTCTGCATGAGCTA,0.3,0.228
GTTGTATCTGAACAGTACAA,0.9,1.207
ATGCAGCAGGGAATCAACCC,0.919,0.6526
GGTGGGAGTTATCATATAGA,0.3636,1.181
GGTGACTGTCATCTATAGGC,1.1667,1.173
TCAGAAATAAGATCCCCAGA,1.024,0.9876
GAAACCCTCATATACTACTG,2.9451,0.8834
ATTATGATGGACCAATTACA,1.5411,1.011
GGAACAGATGTAATAACTAG,0.0,0.424
TATGGGGATTATAGATGTCT,0.425,0.8632
ACCTTGGTCTTAGTATATTC,3.246,0.7402
ACATCTCCTCATCTACTACT,3.7398,0.621
GGGTTACTGACTCACAACCA,0.0,0.9167
TTAGTTCCACACTTAAATGT,0.7722,0.4812
ATAGGCCTACTGAAACTCTA,0.0,0.9545
GAGGGGACTAGAGATTATGT,0.3333,1.555
AAAGTAGTAGTACACAGCAA,0.5714,1.053
TGGGATACAGACATGACTAT,1.3667,0.7323
AGGAGATGAACCCTATGCTT,2.5857,1.046
ACTATACTGACATGGTTCAT,0.0444,0.8049
ACAGCTAACTCAGAAATGGT,0.4667,1.298
GCAATACAGAACCCTTGTGT,0.4444,1.052
ATATGGTATATTCTACCCAG,2.0049,1.462
GACACATAGGCCTTGTATGC,0.0,0.8351
TCACAACATTGGACAATGTG,1.3445,0.3011
GATGTAAGTCAAGAGTCCAA,1.1462,1.151
ATAAACAGGATCCTGACAGG,0.0,0.78
ATAATGACTAGGAAGCCCAA,0.9231,1.362
GCTGTGTTATCTGACTATAA,1.1429,0.7386
TTAGATAAGGGCTTGACATG,0.0588,0.7515
AAGGTAGCTTAAGCATAATG,0.0161,1.136
ATGGGTGGCTGAGCCTATAC,0.8015,1.014
GTATCAGCCTACATCATGAC,0.3077,0.6422
TTGATAATTATACTATGGAC,0.0,0.2364
TGATGTGTACCGTCATCCCT,1.5,0.8653
TAGATGTAATACCTAACGAT,0.375,1.258
GACTGGCGTTCAGCATAAGG,3.2551,0.212
TCTAGGTACGCAATATATGT,0.8125,0.9181
TCCATGCCCATGTATTGGAT,0.9833,0.4243
GGTTGGTGCTCAGGAAATAC,4.291,0.4084
AGGTGTCTGAGAGGTAGACA,1.6792,0.8996
ACTCAGAGGTAATCCCCTTA,0.6667,0.828
